Workbook
Name departments: Analysis!$B$19:$C$28
Name departments2: Analysis!$B$30:$C$39
Name Employeecount: Analysis!$B$3
Name employeereview: Analysis!$B$14:$C$16
Name employeestatus: Analysis!$H$2:$I$4
Name Gender: Analysis!$D$2
Name location: Analysis!$H$8:$I$22
Name searchrange: search!$C$6:$L$156
Name Slicer_Distribution_Center: #N/A
Name Slicer_Employee_review: #N/A
Name Slicer_Employee_status: #N/A
Name status: Analysis!$B$8:$C$11

Sheet data
A1: s/n | B1: Employee_name | C1: Employee_firstname | D1: Employee_lastname | E1: gender | F1: Age | G1: Employee_status | H1: Religion | I1: Department | J1: Designation | K1: Job Level | L1: Cost Center | M1: Location | N1: Office Tel | O1: Email
A2: 1 | B2: Andhra Pradesh | C2: Andhra | D2: Pradesh | E2: Male | F2: =RANDBETWEEN(25, 69) -> 66 | G2: Active | H2: Muslim | I2: Management | J2: President | K2: Manager | L2: Shared Services | M2: Abu Dhabi | N2: +971 02 1846750 | O2: Lamya.Qasim@Rare.com
A3: 2 | B3: Arunachal Pradesh | C3: Arunachal | D3: Pradesh | E3: Male | F3: =RANDBETWEEN(25, 69) -> 26 | G3: Inactive | H3: Muslim | I3: Sales | J3: Senior Executive | K3: Non-Manager | L3: Frozen Food | M3: Amman | N3: +962 06 1797294 | O3: Ayman.Ghanem@Rare.com
A4: 3 | B4: Assam | C4: Assam | D4: Assam | E4: Female | F4: =RANDBETWEEN(25, 69) -> 49 | G4: Active | H4: Muslim | I4: Sales | J4: Staff | K4: Non-Manager | L4: Non-Frozen Food | M4: Cairo | N4: +20 20 3395968 | O4: Ahlam.Mutwali@Rare.com
A5: 4 | B5: Bihar | C5: Bihar | D5: Bihar | E5: Male | F5: =RANDBETWEEN(25, 69) -> 59 | G5: Active | H5: Hindu | I5: Sales | J5: Manager | K5: Manager | L5: Non-Frozen Food | M5: Cairo | N5: +20 20 3301080 | O5: Ghada.Shadi@Rare.com
A6: 5 | B6: Chhattisgarh | C6: Chhattisgarh | D6: Chhattisgarh | E6: Female | F6: =RANDBETWEEN(25, 69) -> 67 | G6: Active | H6: Christian | I6: Administration | J6: Officer | K6: Non-Manager | L6: Non-Frozen Food | M6: Dubai | N6: +971 04 3212364 | O6: Pamela.Rosales@Rare.com
A7: 6 | B7: Goa | C7: Goa | D7: Goa | E7: Male | F7: =RANDBETWEEN(25, 69) -> 36 | G7: Active | H7: Hindu | I7: Information Technology | J7: Manager | K7: Manager | L7: Shared Services | M7: Dubai | N7: +971 04 4821985 | O7: Kamal.Jasrotia@Rare.com
A8: 7 | B8: Gujarat | C8: Gujarat | D8: Gujarat | E8: Male | F8: =RANDBETWEEN(25, 69) -> 53 | G8: Active | H8: Muslim | I8: Finance | J8: Officer | K8: Non-Manager | L8: Shared Services | M8: Dubai | N8: +971 04 7278080 | O8: Sushil.Kolangde@Rare.com
A9: 8 | B9: Haryana | C9: Haryana | D9: Haryana | E9: Female | F9: =RANDBETWEEN(25, 69) -> 54 | G9: Active | H9: Christian | I9: Sales | J9: Senior Executive | K9: Non-Manager | L9: Frozen Food | M9: Kuwait | N9: +965 7313760 | O9: Jenefer.Sanvictores@Rare.com
A10: 9 | B10: Himachal Pradesh | C10: Himachal | D10: Pradesh | E10: Male | F10: =RANDBETWEEN(25, 69) -> 26 | G10: Inactive | H10: Muslim | I10: Human Resources | J10: Senior Executive | K10: Non-Manager | L10: Frozen Food | M10: Abu Dhabi | N10: +971 02 7681190 | O10: Caridad.Diaz@Rare.com
A11: 10 | B11: Jammu & Kashmir | C11: Jammu | D11: Kashmir | E11: Male | F11: =RANDBETWEEN(25, 69) -> 39 | G11: Active | H11: Muslim | I11: Management | J11: Chief Executive | K11: Manager | L11: Shared Services | M11: Dubai | N11: +971 04 10820359 | O11: Madhu.Solanki@Rare.com
A12: 11 | B12: Jharkhand | C12: Jharkhand | D12: Jharkhand | E12: Male | F12: =RANDBETWEEN(25, 69) -> 43 | G12: Active | H12: Christian | I12: Administration | J12: Manager | K12: Manager | L12: Shared Services | M12: Dubai | N12: +971 04 10899840 | O12: Girish.Bhatia@Rare.com
A13: 12 | B13: Karnataka | C13: Karnataka | D13: Karnataka | E13: Male | F13: =RANDBETWEEN(25, 69) -> 26 | G13: Active | H13: Muslim | I13: Production | J13: Senior Manager | K13: Manager | L13: Non-Frozen Food | M13: Dubai | N13: +971 04 10118238 | O13: Bejoy.Gangadharan@Rare.com
... A152: 151 | B152: Ahmed Mohammad Khader | C152: Ahmed | D152: Khader | E152: Male | F152: =RANDBETWEEN(25, 69) -> 61 | G152: Active | H152: Muslim | I152: Production | J152: Staff | K152: Non-Manager | L152: Non-Frozen Food | M152: Dubai | N152: +971 04 74403152 | O152: Ahmed.Khader@Rare.com

Sheet hrdata
B3: Employee_name | C3: Employee_firstname | D3: Employee_lastname | E3: Status | F3: gender | G3: Age | H3: Employee_status | I3: Religion | J3: Department | K3: Designation | L3: Job Level | M3: Distribution Center | N3: Location | O3: Office Tel | P3: Email | Q3: Age_range | R3: Employee_review
B4: Andhra Pradesh | C4: Andhra | D4: Pradesh | E4: Married | F4: Male | G4: 67 | H4: Active | I4: Muslim | J4: Management | K4: President | L4: Manager | M4: Shared Services | N4: Abu Dhabi | O4: +971 02 1846750 | P4: Lamya.Qasim@Rare.com | Q4: Above 63 | R4: Retrenched
B5: Arunachal Pradesh | C5: Arunachal | D5: Pradesh | E5: Married | F5: Male | G5: 29 | H5: Inactive | I5: Muslim | J5: Sales | K5: Senior Executive | L5: Non-Manager | M5: Frozen Food | N5: Amman | O5: +962 06 1797294 | P5: Ayman.Ghanem@Rare.com | Q5: 20 - 30 | R5: In_service
B6: Assam | C6: Assam | D6: Assam | E6: Married | F6: Female | G6: 42 | H6: Active | I6: Muslim | J6: Sales | K6: Staff | L6: Non-Manager | M6: Non-Frozen Food | N6: Cairo | O6: +20 20 3395968 | P6: Ahlam.Mutwali@Rare.com | Q6: 42 - 52 | R6: In_service
B7: Bihar | C7: Bihar | D7: Bihar | E7: Married | F7: Male | G7: 68 | H7: Active | I7: Hindu | J7: Sales | K7: Manager | L7: Manager | M7: Non-Frozen Food | N7: Cairo | O7: +20 20 3301080 | P7: Ghada.Shadi@Rare.com | Q7: Above 63 | R7: Retrenched
B8: Chhattisgarh | C8: Chhattisgarh | D8: Chhattisgarh | E8: Single | F8: Female | G8: 34 | H8: Active | I8: Christian | J8: Administration | K8: Officer | L8: Non-Manager | M8: Non-Frozen Food | N8: Dubai | O8: +971 04 3212364 | P8: Pamela.Rosales@Rare.com | Q8: 31 - 41 | R8: In_service
B9: Goa | C9: Goa | D9: Goa | E9: Single | F9: Male | G9: 32 | H9: Active | I9: Hindu | J9: Information Technology | K9: Manager | L9: Manager | M9: Shared Services | N9: Dubai | O9: +971 04 4821985 | P9: Kamal.Jasrotia@Rare.com | Q9: 31 - 41 | R9: In_service
B10: Gujarat | C10: Gujarat | D10: Gujarat | E10: Married | F10: Male | G10: 45 | H10: Active | I10: Muslim | J10: Finance | K10: Officer | L10: Non-Manager | M10: Shared Services | N10: Dubai | O10: +971 04 7278080 | P10: Sushil.Kolangde@Rare.com | Q10: 42 - 52 | R10: In_service
B11: Haryana | C11: Haryana | D11: Haryana | E11: Married | F11: Female | G11: 30 | H11: Active | I11: Christian | J11: Sales | K11: Senior Executive | L11: Non-Manager | M11: Frozen Food | N11: Kuwait | O11: +965 7313760 | P11: Jenefer.Sanvictores@Rare.com | Q11: 20 - 30 | R11: In_service
B12: Himachal Pradesh | C12: Himachal | D12: Pradesh | E12: Married | F12: Male | G12: 65 | H12: Inactive | I12: Muslim | J12: Human Resources | K12: Senior Executive | L12: Non-Manager | M12: Frozen Food | N12: Abu Dhabi | O12: +971 02 7681190 | P12: Caridad.Diaz@Rare.com | Q12: Above 63 | R12: Retrenched
B13: Jammu & Kashmir | C13: Jammu | D13: Kashmir | E13: Married | F13: Male | G13: 54 | H13: Active | I13: Muslim | J13: Management | K13: Chief Executive | L13: Manager | M13: Shared Services | N13: Dubai | O13: +971 04 10820359 | P13: Madhu.Solanki@Rare.com | Q13: 53 - 63 | R13: In_service
B14: Jharkhand | C14: Jharkhand | D14: Jharkhand | E14: Married | F14: Male | G14: 49 | H14: Active | I14: Christian | J14: Administration | K14: Manager | L14: Manager | M14: Shared Services | N14: Dubai | O14: +971 04 10899840 | P14: Girish.Bhatia@Rare.com | Q14: 42 - 52 | R14: In_service
B15: Karnataka | C15: Karnataka | D15: Karnataka | E15: Married | F15: Male | G15: 37 | H15: Active | I15: Muslim | J15: Production | K15: Senior Manager | L15: Manager | M15: Non-Frozen Food | N15: Dubai | O15: +971 04 10118238 | P15: Bejoy.Gangadharan@Rare.com | Q15: 31 - 41 | R15: In_service
... B154: Ahmed Mohammad Khader | C154: Ahmed | D154: Khader | E154: Divorced | F154: Male | G154: 29 | H154: Active | I154: Muslim | J154: Production | K154: Staff | L154: Non-Manager | M154: Non-Frozen Food | N154: Dubai | O154: +971 04 74403152 | P154: Ahmed.Khader@Rare.com | Q154: 20 - 30 | R154: In_service

Sheet Analysis
B2: Count of Employee_name | D2: gender | E2: Count of Employee_name | F2: % | H2: Employee_status | I2: Count of Employee_name | K2: Religion | L2: Count of Employee_name
B3: 151 | D3: Female | E3: 33 | F3: =E3/SUM($E$3:$E$4) -> 0.21854305 | H3: Active | I3: 141 | K3: Christian | L3: 41
D4: Male | E4: 118 | F4: =E4/SUM($E$3:$E$4) -> 0.78145695 | H4: Inactive | I4: 10 | K4: Hindu | L4: 17
K5: Muslim | L5: 93
B8: Status | C8: Count of Employee_name | D8: % | H8: Location | I8: Count of Employee_name | K8: Distribution Center | L8: Count of Employee_name
B9: Divorced | C9: 4 | D9: =C9/SUM($C$9:$C$11) -> 0.026490066 | H9: Abu Dhabi | I9: 42 | K9: Frozen Food | L9: 63
B10: Married | C10: 90 | D10: =C10/SUM($C$9:$C$11) -> 0.59602649 | H10: Abuja | I10: 2 | K10: Non-Frozen Food | L10: 71
B11: Single | C11: 57 | D11: =C11/SUM($C$9:$C$11) -> 0.37748344 | H11: Amman | I11: 8 | K11: Shared Services | L11: 17
H12: Cairo | I12: 11
H13: Dubai | I13: 62 | K13: {=INDEX(K8:L11, 0,0)} -> Distribution Center | L13: Count of Employee_name
B14: Employee_review | C14: Count of Employee_name | H14: Kano | I14: 1 | K14: Frozen Food | L14: 63
B15: In_service | C15: 135 | H15: Kogi | I15: 2 | K15: Non-Frozen Food | L15: 71
B16: Retrenched | C16: 16 | H16: Kuwait | I16: 5 | K16: Shared Services | L16: 17
H17: Lagos | I17: 1
H18: London | I18: 2
B19: Department | C19: Count of Employee_name | H19: Manama | I19: 3
B20: Production | C20: 60 | H20: Muscat | I20: 4
B21: Sales | C21: 55 | H21: Paris | I21: 2
B22: Logistics | C22: 9 | H22: Riyadh | I22: 6 | J22: total | K22: =COUNTA(H9:H22) -> 14
B23: Finance | C23: 7
B24: Administration | C24: 5 | H24: Job Level | I24: Count of Employee_name
B25: Marketing | C25: 5 | H25: Manager | I25: 29
B26: Human Resources | C26: 4 | H26: Non-Manager | I26: 122
B27: Management | C27: 4
B28: Information Technology | C28: 2
A29: total | B29: =COUNTA(B20:B28) -> 9
B30: {=INDEX(departments, 0,0)} -> Department | C30: Count of Employee_name | H30: Designation | I30: Count of Employee_name | K30: Age_range | L30: Count of Employee_name
B31: Production | C31: 60 | H31: Chief Executive | I31: 1 | K31: 20 - 30 | L31: 26
B32: Sales | C32: 55 | H32: Senior Manager | I32: 2 | K32: 31 - 41 | L32: 32
B33: Logistics | C33: 9 | H33: President | I33: 3 | K33: 42 - 52 | L33: 43
B34: Finance | C34: 7 | H34: Senior Officer | I34: 17 | K34: 53 - 63 | L34: 34
B35: Administration | C35: 5 | H35: Executive | I35: 18 | K35: Above 63 | L35: 16
B36: Marketing | C36: 5 | H36: Senior Executive | I36: 21 | K36: {=INDEX(K30:L35, 0, 0)} -> Age_range | L36: Count of Employee_name
B37: Human Resources | C37: 4 | H37: Manager | I37: 23 | K37: 20 - 30 | L37: 26
B38: Management | C38: 4 | H38: Officer | I38: 29 | K38: 31 - 41 | L38: 32
B39: Information Technology | C39: 2 | H39: Staff | I39: 37 | K39: 42 - 52 | L39: 43
K40: 53 - 63 | L40: 34
K41: Above 63 | L41: 16

Sheet dashboard
F3: punjab
U8: Here are the used colors
U10: card 1 | V10: 20 | W10: 20 | X10: 32
U12: card 2 | V12: 154 | W12: 206 | X12: 238
U14: Charts 1 | V14: 145 | W14: 51 | X14: 29
U16: Charts 2 | V16: 117 | W16: 138 | X16: 51
U18: Charts 3 | V18: 57 | W18: 54 | X18: 86
U20: Header | V20: 18 | W20: 20 | X20: 32
U22: Body | V22: 32 | W22: 32 | X22: 41
U24: Side bar | V24: 23 | W24: 18 | X24: 31
V26: 238 | W26: 40 | X26: 104
V27: 48 | W27: 114 | X27: 106

Sheet search
B2: =COUNTA(dashboard!F3) -> 1
C3: Employee_name | D3: gender | E3: Age | F3: Status | G3: Office Tel | H3: Email | I3: Religion | J3: Employee_status | K3: Department | L3: Designation | M3: Distribution Center | N3: Location | O3: Employee_review
C5: Employee_name | D5: gender | E5: Age | F5: Status | G5: Office Tel | H5: Email | I5: Religion | J5: Department | K5: Employee_status | L5: Employee_review | N5: Employee_name | O5: gender | P5: Age | Q5: Status | R5: Office Tel | S5: Email | T5: Religion | U5: Department | V5: Employee_status | W5: Employee_review
C6: Abdul Aziz Rajab Qasim | D6: Female | E6: 26 | F6: Married | G6: +971 04 82728348 | H6: Abdul Aziz.Qasim@Rare.com | I6: Muslim | J6: Production | K6: Active | L6: In_service | N6: =IF($B$2=1, C5, "") -> Employee_name | O6: =IF($B$2=1, D5, "") -> gender | P6: =IF($B$2=1, E5, "") -> Age | Q6: =IF($B$2=1, F5, "") -> Status | R6: =IF($B$2=1, G5, "") -> Office Tel | S6: =IF($B$2=1, H5, "") -> Email | T6: =IF($B$2=1, I5, "") -> Religion | U6: =IF($B$2=1, J5, "") -> Department | ... W6: =IF($B$2=1, L5, "") -> Employee_review | X6: =IF(L2=1, M5, "")
C7: Abdul Kadir Mukhtar Usman | D7: Female | E7: 30 | F7: Single | G7: +971 02 45578330 | H7: Abdul Kadir.Usman@Rare.com | I7: Christian | J7: Finance | K7: Active | L7: In_service | N7: =IFERROR(VLOOKUP(dashboard!$F$3,searchrange,MATCH(N6,$C$5:$L$5, 0), 0), "") -> Punjab | O7: =IFERROR(VLOOKUP(dashboard!$F$3,searchrange,MATCH(O6,$C$5:$L$5, 0), 0), "") -> Male | P7: =IFERROR(VLOOKUP(dashboard!$F$3,searchrange,MATCH(P6,$C$5:$L$5, 0), 0), "") -> 50 | Q7: =IFERROR(VLOOKUP(dashboard!$F$3,searchrange,MATCH(Q6,$C$5:$L$5, 0), 0), "") -> Married | R7: =IFERROR(VLOOKUP(dashboard!$F$3,searchrange,MATCH(R6,$C$5:$L$5, 0), 0), "") -> +20 20 13419736 | S7: =IFERROR(VLOOKUP(dashboard!$F$3,searchrange,MATCH(S6,$C$5:$L$5, 0), 0), "") -> Besan.Omar@Rare.com | T7: =IFERROR(VLOOKUP(dashboard!$F$3,searchrange,MATCH(T6,$C$5:$L$5, 0), 0), "") -> Muslim | U7: =IFERROR(VLOOKUP(dashboard!$F$3,searchrange,MATCH(U6,$C$5:$L$5, 0), 0), "") -> Sales | ... W7: =IFERROR(VLOOKUP(dashboard!$F$3,searchrange,MATCH(W6,$C$5:$L$5, 0), 0), "") -> In_service
C8: Adeline Adam Absolon | D8: Male | E8: 63 | F8: Single | G8: +33 1 68176570 | H8: Adeline.Absolon @Rare.com | I8: Hindu | J8: Sales | K8: Active | L8: In_service
C9: Adrien Alain Alban | D9: Male | E9: 50 | F9: Married | G9: +33 1 57956964 | H9: Adrien.Alban @Rare.com | I9: Hindu | J9: Sales | K9: Active | L9: In_service
C10: Afif Basem Rezk | D10: Female | E10: 42 | F10: Single | G10: +965 63541205 | H10: Afif.Rezk@Rare.com | I10: Muslim | J10: Sales | K10: Active | L10: In_service | N10: Dasboard_statement | O10: =IF(N6="", 0, "yes") -> yes
C11: Ahlam Hani Khalid | D11: Female | E11: 37 | F11: Married | G11: +971 04 29126592 | H11: Ahlam.Khalid@Rare.com | I11: Hindu | J11: Finance | K11: Active | L11: In_service | N11: Employee_info | O11: =IF(N7="",0, "yes") -> yes
C12: Ahmad Ali Jamil | D12: Male | E12: 46 | F12: Married | G12: +971 04 36359934 | H12: Ahmad.Jamil@Rare.com | I12: Muslim | J12: Administration | K12: Inactive | L12: In_service | N12: compare | O12: =O10=O11 -> TRUE
C13: Ahmed Mohammad Khader | D13: Male | E13: 29 | F13: Divorced | G13: +971 04 74403152 | H13: Ahmed.Khader@Rare.com | I13: Muslim | J13: Production | K13: Active | L13: In_service | N13: Analysis | O13: =IF(O12=TRUE, "", "Employee records not found, retry")
C14: Akram Raafat Hani | D14: Male | E14: 69 | F14: Married | G14: +971 02 21735640 | H14: Akram.Hani@Rare.com | I14: Hindu | J14: Production | K14: Active | L14: Retrenched
C15: Akram Saleem Tahboob | D15: Male | E15: 64 | F15: Married | G15: +971 02 40170900 | H15: Akram.Tahboob@Rare.com | I15: Muslim | J15: Sales | K15: Active | L15: Retrenched
C16: Ali Mohammad Al Shamsi | D16: Female | E16: 61 | F16: Single | G16: +971 04 93593730 | H16: Ali.Al Shamsi@Rare.com | I16: Christian | J16: Production | K16: Active | L16: In_service
C17: Ali rami Jabir | D17: Male | E17: 68 | F17: Married | G17: +971 04 113134590 | H17: Ali.Jabir@Rare.com | I17: Muslim | J17: Production | K17: Active | L17: Retrenched
C18: Amer jihad Tahboob | D18: Male | E18: 58 | F18: Married | G18: +971 04 81501200 | H18: Amer.Tahboob@Rare.com | I18: Muslim | J18: Production | K18: Active | L18: In_service
C19: Amjad Nabil Waheed | D19: Male | E19: 42 | F19: Married | G19: +966 1 55177750 | H19: Amjad.Waheed@Rare.com | I19: Christian | J19: Sales | K19: Active | L19: In_service
C20: Amjad Ramzi Reda | D20: Male | E20: 54 | F20: Single | G20: +971 02 42974162 | H20: Amjad.Reda@Rare.com | I20: Christian | J20: Production | K20: Active | L20: In_service
C21: Amrita Pal Chopra | D21: Male | E21: 28 | F21: Single | G21: +971 04 88807104 | H21: Amrita.Chopra@Rare.com | I21: Muslim | J21: Production | K21: Active | L21: In_service
C22: Andhra Pradesh | D22: Male | E22: 67 | F22: Married | G22: +971 02 1846750 | H22: Lamya.Qasim@Rare.com | I22: Muslim | J22: Management | K22: Active | L22: Retrenched
C23: Ankur Kumar Dhar | D23: Male | E23: 25 | F23: Married | G23: +968 33125796 | H23: Ankur.Dhar@Rare.com | I23: Christian | J23: Sales | K23: Active | L23: In_service
C24: Arun Kumar Sharma | D24: Male | E24: 46 | F24: Single | G24: +971 04 29637018 | H24: Arun.Sharma@Rare.com | I24: Muslim | J24: Production | K24: Active | L24: In_service
C25: Arunachal Pradesh | D25: Male | E25: 29 | F25: Married | G25: +962 06 1797294 | H25: Ayman.Ghanem@Rare.com | I25: Muslim | J25: Sales | K25: Inactive | L25: In_service
... C156: Ahmed Mohammad | D156: Female | E156: 68 | F156: Married | G156: +971 04 74403152 | H156: Ahmed.Khader@Rare.com | I156: Christian | J156: Production | K156: Active | L156: Retrenched
